"topicIds","topicCategories","commentCount","viewCount","videoCount","subscriberCount","hiddenSubscriberCount","video_topic_cats","video_relevant_topic_ids","video_tags","avg_comment_count","avg_view_count","avg_favorite_count","avg_like_count","avg_dislike_count","avg_video_duration","avg_title_length","avg_description_length","avg_posting_time","sd/hd_ratio","projection_ratio","caption_ratio","licensed_content_ratio","3d/2d_ratio"
"[u'/m/025zzc', u'/m/0bzvm2']","[u'https://en.wikipedia.org/wiki/Video_game_culture', u'https://en.wikipedia.org/wiki/Action_game']","14223","1537522139","1661","3746871",False,"https://en.wikipedia.org/wiki/Music+https://en.wikipedia.org/wiki/Role-playing_video_game+https://en.wikipedia.org/wiki/Entertainment+https://en.wikipedia.org/wiki/Action-adventure_game+https://en.wikipedia.org/wiki/Video_game_culture+https://en.wikipedia.org/wiki/Action_game+https://en.wikipedia.org/wiki/Television_program","/m/0bzvm2+/m/02ntfj+/m/0403l3g+/m/02jjt+/m/025zzc+/m/04rlf+/m/0f2f9","overwatch+pirate ship+saves the world+deadline+cooperative+skin+Sunday Drive+Trivia+sports car+ah livestream+silencers+minecraft multiplayer+Rifle+Gavin Free+Matt Bragg+coop+Dr. Jones+Last Man Standing Shooter+Jeremy's ghost+Expert Mode+four wheeler+Co-op surgery+Null Sector+heist+race+Velvet Shell+H1Z1+set up+grand theft auto 5+Inbetweeners+Reinhardt+parachuting+first person shooter+Giant Foot+racing+guns+Overwatch Uprising+helmets+Mo+jewelry store+Uprising Loot Boxes+grand theft auto v+china+oceancraft+let's play live+ryan haywood+box+Cunning Stunts+espace+Criminal Masterminds+Player Unknown Battleground+grand theft auto+defeat+action+video game+minecraft+Legendary Mode+episode 21+Finale+kinessa+Glide+third part+Super Fuel+Let's Play VR+under water temple+hydra+player unknown+crab+jeremy dooley+Uprising brawl+Surgeon Simulator+achievement guide+Fight to the death+tnt+car+setup+anglerfish+new maps+shark+police station+The End+stream+achievement city+parachute+cows+Dayz+rainbow 6 siege+Mo'Chievements+fps+interview+comedy+Glider+sim+flashbang+briefcase+dark monopoly+Jack Box+rocket voltic+sneak+plane+adventure+Elytra+cloud barry+robot+dragon+Fill in the blank game+hasta la vista+Horse+Jeopardy+inbetweeners 2+gta+Battlegrounds+highlights+bill nye+seige+technical difficulties+ep 21+Mercy+Overwatch update+cloudbarry+let's play+cage+minecraft gameplay+stunts+cow dispencer+cloud berry+crab people+pirates+gaming+four person teams+mockumentary+shipping container+Ghost Recon Wildlands+islanders+multiplayer+laylee+four maps+acting+smog+ender dragon+Lindsay Jones+Rainbow Six+GTA heists+prison break+part five+AH Sunday Drive+day z+gta v online+gameplay+british+winner+MoChievements+part four+Player Unknown's Battlegrounds+Party Game+Uprising+Trivia Show+special vehicles+flamethrower+the end+Trivia Game+bank heist+geoff ramsey+Hard Mode+jeremy wins+Lannan Eacott+cops+platformer+livestream+Dr. Free+bum cheese+under the sea+heists+rocket car+uniforms+five player+Tame+amphibious+human labs+viktor+build+action adventure+online+Battle Royale+Overwatch brawl+Shooter+prisoner+achievement+webcam+Overwatch+Vader+uncircumcised+Jack Pattillo+facecam+ruiner 2000+the end... again...+Nicki Minaj+headshot+live stream+cosmetic skins+big foot+Torbj\xf6rn+skye+Overwatch uprising brawl+Use Your Words+muscle car+Finding Bigfoot+Brain Surgery+ghast tears+lets play+Lava Bucket+Stories+Bigfoot+James Buckley+crabs+bat+spikes+fourth part+teams+losers+battlegrounds+steal+humans+payday 2+Mass Effect+sea+fail+the nether+points+farmers+Monopoly+rings+tyra+Big Socks+playerunknown+helicopters+Geoff Sunday Drive+Race+Player Unknown Battlegrounds+part 3+part 5+part 4+Jeremy Dooley+unkown soldier+blazer+you need a mint+michael jones+gavin scared+aqua+slogans+paladins+bots+Xbox Live+chinese mythology+Geoff Ramsey+hightlights+virtual reality+pt 21+helicopter+gta 5 online+rainbow 6+offfense defense+Completed It Mate+Hotseat+iron belly+co op+stolen+valkyrie+surgeon sim+armored vehicles+gta 5 gameplay+lizard+elytra+natives+fifth part+third episode+vr+PlayerUnknown Battleground+gta v+yooka+terrorist+Michael Jones+GTA Sunday Drive+htc vive+lava+VReal+yeti+wet works+paladin+smoke+Shotgun+arctic+sunken ship+Uprising update+whale+Tracer+Ryan Haywood+Yooka Laylee+gta 5+youtuber+moba+kraken+game+ocean+game play+money+King\u2019s Row+more achievements+sting ray+part III+jack pattillo+hunger games+open world+survival+Jackbox+best rounds+bus schedule+hunt+xbox+garage+robbery+More Problems+Quiz show+Arcade+simulator+Lawrence Sonntag+grenades+Achievement Hunter+jewelry+Siege+drogoz+fog+Use Your Words Gameplay+jumps+Heists+McDonalds+minigame+quills+bank robbing+Generation+island+ambush+Jeopardy Video Game+Saddle Up+Trevor Collins+guard+Ghost Recon Wildlands Sunday Drive+sneaky+whales+double gold+fight+stealth+Sasquatch+Use Your Words Game+Standalone+bus+Battle Buddies+Bruce Greene+Alex Trebek+vive+suitcase+Special+covert+pip+cassie+Game show+gavin robbed+actor+xbox one+Cloudberry Kingdom+imponte ruiner+rare achievement+AH+humane raid+Andromeda+ender city+steal diamonds+part 21+emotes",1064.0,371902.36,0.0,7255.96,427.52,2748.88,47.68,1561.48,48387.36,0.0,0.0,0.04,0.0,0.0
"[u'/m/025zzc', u'/m/0bzvm2']","[u'https://en.wikipedia.org/wiki/Action_game', u'https://en.wikipedia.org/wiki/Video_game_culture']","9","86762289","5901","405537",False,"https://en.wikipedia.org/wiki/Role-playing_video_game+https://en.wikipedia.org/wiki/Hobby+https://en.wikipedia.org/wiki/Video_game_culture+https://en.wikipedia.org/wiki/Action_game+https://en.wikipedia.org/wiki/Lifestyle_(sociology)","/m/025zzc+/m/0bzvm2+/m/019_rr+/m/0403l3g+/m/03glg","ps++james mcgregor+things to do+funny moments+fallout new vegas+funhaus+achievement hunter+screw attack+mob manipulation+highlights+jack pattillo+minigames+versus+hunter+lets play+fan+gmod+fallout+mod+sharpshooter+dead by daylighty+age of empires+playstation+custom creations+art+custom map+lets watch+garrys mod+creatures+arguements+rooster teeth+review+sniper elite 4+screwattack+halo 5+plush+RWBY+game bug+compilation+titanfall+gameplay+minigame+sex swing band+cow+michael jones+secrets+chop+plus+minecraft+wysp+game with playstion plus+thecreaturehub+community+sex swing animation+glitch+custom maps+james willems+kinda funny+fanart+race map+best bits+attack+jeremy dooley+geoff ramsey+speed art+dead by daylight+slimecube+mad god ryan+things to do in+telltale games+let's watch+ryan haywood+farming simulator+fan art+lets play highlights+minecraft mobs+february 2017+cow chop+TWD+lets play community+gow 4+funny+easter eggs+gears of war+madking ryan+testical shot+dan jennings+screw+maps+animation+forge+gavin free+why you should play+gta v+banter+best of achievement hunter+kinda+achievement+free games+layers of fear+speed sew+black ops 3+funny bits+crafts+trick shots",44.44,26953.8,0.0,432.28,14.24,538.72,35.92,524.12,58231.24,0.0,0.0,0.0,0.0,0.0
"[u'/m/025zzc', u'/m/0bzvm2']","[u'https://en.wikipedia.org/wiki/Video_game_culture', u'https://en.wikipedia.org/wiki/Action_game']","856","75836712","3139","408633",False,"https://en.wikipedia.org/wiki/Sports_game+https://en.wikipedia.org/wiki/Role-playing_video_game+https://en.wikipedia.org/wiki/Video_game_culture+https://en.wikipedia.org/wiki/Action_game","/m/025zzc+/m/0bzvm2+/m/0403l3g+/m/022dc6","mass effect andromeda goldglove+Prey 2017 Mission 1+GoldGloveLetsPlay+mlb road to the show+road to the show+mission+mass effect+mass effect andromeda+Prey PS4 Pro+Prey 2017 Gameplay+goldglove road to the show+mlb 17+lets play+renegade+goldglove+how to+Prey 2017 Campaign+mlb the show 17+road to the show 17+mlb the show 17 road to the show+Prey GoldGlove+the show 17+mlb the show+humor+weapons+Limbo+Prey Gameplay Part 1+tips+Little Nightmares+mass effect walkthrough+andromeda+gameplay walkthrough+Prey Game+nightmares+andromeda goldglove+part 1+gameplay+missions+me andromeda+Walkthrough+draft day+Prey 2017 Part 1+andromeda gameplay+Little+Prey Review+paragon+walkthrough+Prey Reaction+michael king+goldgloveletsplays+Prey Xbox One S+peebee+Prey Walkthrough Part 1+Prey 2017 Review+draft+mlb gameplay+goldglovetv+Funny Moments+Lets Play+GoldGLoveTV+champions+mlb+Gameplay+missions guide+classes+60fps+guide+Prey Part 1+GoldGlove Lets Play Prey+Prey+funny+pathfinder+Lets play+comedy+GoldGlove+mlb the show 17 gameplay+rtts 17+mass effect andromeda walkthrough+Prey 2017+Prey Gameplay+mass effect andromeda gameplay+Playthrough+tricks+ryder+Prey Ending+storyline+mass effect andromeda lets play+mass effect: andromeda+world series+mlb the show rtts",29.28,10254.56,0.0,248.56,4.52,2306.92,77.52,593.28,64647.12,0.0,0.0,0.0,0.0,0.0
"[u'/m/0bzvm2', u'/m/0bzvm2']","[u'https://en.wikipedia.org/wiki/Video_game_culture']","0","2676276","17","103451",False,"https://en.wikipedia.org/wiki/Film+https://en.wikipedia.org/wiki/Technology+https://en.wikipedia.org/wiki/Entertainment+https://en.wikipedia.org/wiki/Lifestyle_(sociology)+https://en.wikipedia.org/wiki/Sports_game+https://en.wikipedia.org/wiki/Video_game_culture+https://en.wikipedia.org/wiki/Action_game","/m/019_rr+/m/0bzvm2+/m/022dc6+/m/02jjt+/m/07c1v+/m/025zzc+/m/02vxn","fifa+Matt+playstation 4+help+rocket+moments+until dawn ps4+forfeit+scariest moments+Beyonce+mission+ending+live stream+best moves+decisions+playstation 4 vr+roxetera+PS VR+Liverpool+console+cutscenes+josh+gronkh+until dawn rush of blood+no man\u2019s sky gameplay+until dawn playthrough+match+Ashley+sci-fi+reveal+horror+funniest moments+ps4 vr+dark+game+let's play+jack+new+LPG+sony+girl gamers+until dawn gameplay+Playstation+until dawn review+best dribble+Sam+level+how to+Don't Breathe+controllers+no mans sky+rosie spaughton+lesbians+team+release+Until Dawn+steam+UFC 2+PlayStation+video games+beginner+knockout+set up+jump+best gameplay+dumb+fail+Girl Gamers+choices+sean murray+psycho+PS4+jessica+headset+practice+gamers+space+movie+review+BriaandChrissy+ps4+hilarious+no man sky+Sony+The London Heist+boost+achievements+finale+trick shot+Let's Play Games+unlockables+boobs+Resident Evil 7+Xbox+rush of blood+XBox One+Rose Ellen Dix+part 1+part 3+part 2+gameplay+movie games+box+league+the analyst+Ocean Descent+launch+Quick Fight+universe+PSVR+brutal+goriest moments+awesome goal+defeat+horror games+video game+until dawn+scare+jump scare+until dawn (video game)+playthrough+core bundle+overview+best goals+Rush of Blood+walkthrough+cheats+donald trump+until dawn ps4 gameplay+strip+virtual reality+wager+no mans sky gameplay+Rose and Rosie+psvr gameplay+Resident Evil+top+deaths+fast+fight+pc+reindeer+horror movie+until+lets play games+Gameplay+roseellendix+scary+no man\u2019s sky trailer+scary game+hello games+gore+until dawn walkthrough+Chelsea+hints+unboxed+save+let's play games+biohazard+no mans sky review+fifa 17+fire tower+unboxing+until dawn all cutscenes+outcome+guide+Lemonade+TheRoxetera+no man\u2019s sky part 1+resident+demo+pro+rose and rosie+Josh+until dawn part 1+death+exploration+horror game+playstation vr+film+until dawn killer+best walkthrough+funny+psvr camera+Walkthrough+in the box+virtual+ps vr+robinson the journey+test+commentary+comedy+no man\u2019s sky ending+gaming+galaxy+power shot+no man\u2019s sky review+reaction+chart+evil+react+ion+VR+let\u2019s play+matt+chris+survival horror (media genre)+Freelee+killer+thriller+resident evil 7+no man\u2019s sky playthrough+PSVR unboxing+live action game+yogscast+no man\u2019s sky tutorial+dumbest moments+game play+funniest+ultimate+until dawn ending+Mike+what you get+RoseEllenDix+Emily",728.8823529411765,152099.64705882352,0.0,7320.411764705882,107.3529411764706,707.0,32.05882352941177,866.8823529411765,65745.058823,0.0,0.0,0.06,0.0,0.0
"[u'/m/0bzvm2', u'/m/0bzvm2']","[u'https://en.wikipedia.org/wiki/Video_game_culture']","450436","2240600928","9340","4601318",False,"https://en.wikipedia.org/wiki/Role-playing_video_game+https://en.wikipedia.org/wiki/Video_game_culture+https://en.wikipedia.org/wiki/Action_game+https://en.wikipedia.org/wiki/Entertainment","/m/025zzc+/m/0bzvm2+/m/02jjt+/m/0403l3g","Gronkh Vlog+Terrorist+Lets Play Outlast 2+Horizon PS4+Outlast+Vlog Gronkh+Mitgenommen Gronkh+Trouble in Terrorist Town+Gronkh+After Humans+Gronkh Outlast 2+Bethesda Prey+Prey+Bethesda+Outlast 2 Gameplay+Minecraft Gronkh+Glog+Prey L\xf6sung+Minecraft After Humans+PS4+Minecraft Mods+TTT Download+TTT Cheats+Prey Bethesda+Prey Let's Play+Gronkh Minecraft+Horizon: Zero Dawn+Zero+TTT+Trouble in Terrorist Town Cheats+Outlast 2 Walkthrough+Prey Gronkh+Trouble in Terrorist Town Download+Gronkh Prey+Trouble+Mitgenommen+Gameplay+Mods+Town+Horizon Gameplay+Let's Play Prey+Zero Dawn+Prey 2017+Prey Gameplay+Glog Gronkh+Vlog+Outlast 2+Gronkh Modpack+Horizon Gronkh+Gronkh Horizon+Gronkh Mitgenommen+TTT Gameplay+Horizon+Horizon - Zero Dawn+Lets Play Horizon+Outlast 2 Gronkh+Minecraft+Dawn+Horizon Lets Play+L\xf6sung+Trouble in Terrorist Town Gameplay+Gronkh Glog+Humans+After+Walkthrough+Cheats+Outlast 2 L\xf6sung+Download+Horizon Walkthrough+Prey Walkthrough",564.64,141576.32,0.0,5967.76,75.0,2091.04,50.44,1390.32,58077.72,0.0,0.0,0.0,0.0,0.0
"[u'/m/02vx4', u'/m/06ntj']","[u'https://en.wikipedia.org/wiki/Association_football', u'https://en.wikipedia.org/wiki/Sport']","0","566890","60","13965",False,"https://en.wikipedia.org/wiki/Society+https://en.wikipedia.org/wiki/Association_football+https://en.wikipedia.org/wiki/Religion+https://en.wikipedia.org/wiki/Sport","/m/098wr+/m/06ntj+/m/02vx4+/m/06bvp","\u0645\u0627\u0646\u0634\u064a\u0633\u062a\u0631+Qatar+\u0635\u0627\u062d\u064a+\u0643\u0631\u0629 \u0642\u062f\u0645+Kuwait+\u0627\u0644\u0643\u0648\u064a\u062a+\u0643\u0631\u064a\u0633\u062a\u064a\u0627\u0646\u0648+Real madred+\u0645\u062d\u0645\u062f \u0627\u0628\u0648 \u0627\u0644\u0631\u0648\u0633+milan+liverpool+\u0631\u0648\u0646\u0627\u0644\u062f\u0648+\u0627\u0644\u0647\u0644\u0627\u0644+\u063a\u0648\u0627\u0631\u062f\u064a\u0648\u0644\u0627+\u0645\u0648\u0631\u064a\u0646\u0647\u0648+\u0633\u0628\u0648\u0631\u062a \u0633\u0627\u064a\u062f+\u0642\u0637\u0631+Saudi Arabia+\u062e\u0645\u0628\u0644\u0647+\u062f\u0628\u064a+\u0627\u0644\u0646\u0635\u0631+\u062f\u0648\u0631\u064a \u0639\u0628\u062f\u0627\u0644\u0644\u0637\u064a\u0641 \u062c\u0645\u064a\u0644+sports+messi+\u0627\u0644\u0627\u0647\u0644\u064a+\u0631\u064a\u0627\u0636\u0629+\u0627\u0644\u062f\u0648\u062d\u0647+\u0632\u064a\u062f\u0627\u0646+Dubai+\u0644\u064a\u0641\u0631\u0628\u0648\u0644+\u0627\u0644\u0633\u0639\u0648\u062f\u064a\u0629+Ronaldo+football+Barcelona+\u0645\u064a\u0644\u0627\u0646+\u0631\u0648\u0645\u0627+Doha+Messi+\u0627\u0646\u062a\u0631+\u0633\u0648\u0627\u0631 \u0634\u0639\u064a\u0628+\u0631\u064a\u0627\u0644 \u0645\u062f\u0631\u064a\u062f+\u0628\u0631\u0634\u0644\u0648\u0646\u0647+Real madrid+\u0627\u0644\u0627\u062a\u062d\u0627\u062f+KSA+\u0645\u064a\u0633\u064a+inter",9.2,1063.8,0.0,64.12,3.48,253.52,7.6,12.32,9134.88,0.5,0.0,0.0,0.0,0.0
"[u'/m/0bzvm2', u'/m/0bzvm2']","[u'https://en.wikipedia.org/wiki/Video_game_culture']","14","153823","27","5391",False,"https://en.wikipedia.org/wiki/Knowledge+https://en.wikipedia.org/wiki/Video_game_culture+https://en.wikipedia.org/wiki/Action_game+https://en.wikipedia.org/wiki/Simulation_video_game+https://en.wikipedia.org/wiki/Music","/m/025zzc+/m/0bzvm2+/m/021bp2+/m/01k8wb+/m/04rlf","Altered Destiny+Video Games+Rebecca Heinemann+Vintage+Apple IIGS+Dallas Quest+Sunglasses Owl+Appendicitis+Dream Zone+The Colonel's Bequest (Video Game)+escape from rungistan+Sierra+DOS+Life & Death+Apple IIe+Mystery House+Gaming+Lo Fi Let's Play+Skeksis+Labyrinth+Adventure Games+Dallas+Colonel's Bequest+Emmanuelle+Lo-Fi Let's Plays+Vintage Gaming+Lucasfilm Games+The Alpine Encounter+sirius software+David Bowie+Video Game Culture+Carmen Sandiego (Fictional Character)+Vintage games+vintage computing+Simulation+Tass Times in Tonetown+let's play+Games+Gelflings+lo-fi let's play+Vintage Games+Insolence+The Quest+Apple IIGS (Video Game Platform)+Lo-Fi Let's Play+Gruds in Space+Virtual Apple+Elevators+Dallas Snell+Coveted Mirror+Who Shot JR+Let's Play+Neuromancer+The Dark Crystal+Loom (Video Game)+Critical Mass+Mystics+Computer Games+adventure games",0.0,0.0,0.0,0.0,0.0,0.0,0.0,0.0,0.0,0.0,0.0,0.0,0.0,0.0
"[u'/m/025zzc', u'/m/0bzvm2']","[u'https://en.wikipedia.org/wiki/Video_game_culture', u'https://en.wikipedia.org/wiki/Action_game']","159","48936325","4809","129365",False,"https://en.wikipedia.org/wiki/Role-playing_video_game+https://en.wikipedia.org/wiki/Action-adventure_game+https://en.wikipedia.org/wiki/Video_game_culture+https://en.wikipedia.org/wiki/Action_game+https://en.wikipedia.org/wiki/Lifestyle_(sociology)","/m/025zzc+/m/0bzvm2+/m/02ntfj+/m/019_rr+/m/0403l3g","beat em up+prey part 1+let's play the forest+german+kona+let's play zelda+gregor kartsios+school beat em up+counter strike global offensive+nintendo switch+nemesis+the forest game+pray+forest game+outlast 2 playthrough+horror game+let's play resident evil 3 nemesis+hunger games+etienne+nioh walkthrough+kona walkthrough+survival+outlast+rival school+spiele mit bart+lets play+game+let's play+hunger games game+let's play zelda breath of the wild+prey 2017+samurai+kona game+playerunknown+zombies+outlast 2+battlegrounds+bart+deutsch+otulast 2 horror game+nioh playthrough+versus+Rocket Beans TV+lets play zelda breath of the wild+ni oh+retro games+worst games+legend of zelda breath of the wild+nioh+the hunger games+zombie+breath of the wild+ranked+Tony Hawk's Pro Skater 2+let's play outlast 2+gameplay+g police+legend of zelda+simon kr\xe4tschmer+lets play outlast 2+jugend zimmer+samurai game+beans+nioh let's play+horror games+playthrough+prey 2017 gameplay+one+nioh game+jugend+gameone+lets play prey+unknown+prey+strike+playerunknowns battlegrounds+budi+kona playthrough+walktrough+yt:quality=high+zimmer+survival game+skate game+prey game+csgo+team limited+the forest survival game+walkthrough+nils bomhoff+let's play prey+prey xbox one+best games+let's play playerunknowns battlegrounds+prey rocketbeans+prey review+retro gaming+prey 2017 walkthrough+lets play kona+prey ps4+zombie game+player+counter strike+future cop game+players+lets play the forest+kona gameplay+zelda+survival horror game+outlast 2 walkthrough+nioh gameplay+horror genre+nightcry+let's play kona+horror+gaming+let's play nightcry+games+the forest walkthrough+Future Cop: LAPD+mashed+nils+beanstag+lets play nightcry+survival horror+let's play the legend of zelda breath of the wild+spiele+rocketbeans+the forest+simon+lets play resident 3 nemesis+resident evil 3+resident evil+nioh lets play+counter+lets play nioh+let's play nioh+switch+prey walkthrough+Tony Hawk game",58.76,9181.48,0.0,332.12,24.68,3803.56,73.12,458.2,62134.68,0.0,0.0,0.0,0.0,0.0
"[u'/m/0403l3g', u'/m/0bzvm2']","[u'https://en.wikipedia.org/wiki/Role-playing_video_game', u'https://en.wikipedia.org/wiki/Video_game_culture']","564","65279115","2710","273478",False,"https://en.wikipedia.org/wiki/Role-playing_video_game+https://en.wikipedia.org/wiki/Knowledge+https://en.wikipedia.org/wiki/Video_game_culture+https://en.wikipedia.org/wiki/Entertainment+https://en.wikipedia.org/wiki/Simulation_video_game","/m/0403l3g+/m/0bzvm2+/m/02jjt+/m/021bp2+/m/01k8wb","the impossible quiz 2 playthrough+biggs87x+fidget spinner+mrcrayfish furniture mod+minecraft lp+design it+roblox elephant hotel+fidget spinners game+100 baby challenge with toddlers+episode mean girls senior year lets play+minecraft mods+seven toddler challenge+roblox neighborhood or robloxia+how to be a model+how to get a fidget spinner in roblox+wheres the baby roblox+episode mobile game lets play+impossible quiz 2+101 babies+the elephant+minecraft survival+THE IMPOSSIBLE QUIZ 2+episode mean girls senior year+school roleplay+welcome to the neighborhood of robloxia+spinner+kaoshkraft server+100 baby challenge+neighborhood of roblxia+roblox glitch+roblox highschool+super model+being a baby in roblox+girl gamer+idiot test+minecraft comes alive lets play+minecraft comes alive roleplay+Roblox+episode mean girls+dating in roblox+elephant hotel+baby life roblox+lets play+let's play+minecraft comes alive+who's your daddy+roblox pool party+minecraft boyfriend+how to have a kid in roblox+roblox's next top model+zailetsplay roblox+kaoshkraft+minecratf smp+minecraft mod review+the impossible quiz+walkthrough+adopt and raise a cute baby+minecraft livestream+how to+roblox baby+roblox high school bully+roblox hidden room+roblox hair salon+episode app game+ts4+roblox date+roleplay server+free game+mean girls senior year+mean girls senior yeargaming+sims 4 100 baby+alive+fidget spinners in roblox+zailetsplay+minecraft dating+fail+roblox high+roblox roleplay+s4 100 baby challenge+cute outfits+roblox bloxburg+minecraft wedding+minecraft roblox+roblox online game+hacked in roblox+sims 4+Roblox Adventures+roblox fashion+server saturday+100 toddler challenge+robloxian life+roblox the neighborhood of robloxia+roblox hotel+custom npc+minecraft roleplay server+minecraft server lets play+minecraft prank+roblox funny+high school game+the sims 4 100 baby challenge+bloxburg+episode game+roblox vacation+reaction+minecraft build off+100 babies+roblox dating+Where's the baby+having a baby roblox+high school+having a baby in roblox+roblox runaway+episode mean girls lets play+minecraft smp server+minecraft starter house+minecraft+Roblox Online Game+comes+no swearing+online dating in roblox+minecraft comes alive gameplay+play roblox+jailbreak+roleplays+games for girls+roblox girl+roblox welcome to bloxburg+life simulation (video game genre)+impossible+roblox mini game+whos your daddy+adopting a child in roblox+episode 1+free fidget spinner+minecraft couple+rolox tornado+roblox design it+minecraft high school+roblox bully+raging+custom npcs+roblox teacher+roblox obby+roblox elephant+roblox high school roleplay+minecraft how to+roblox hacked+roblox+furniture mod+for kids+roblox video+Minecraft smp+sims 4 100 baby challenge+roblox house+roblox high school+roblox student+quiz game+fidget+baby+episode+interactive game+minecraft roleplay+smp server+survival lp+hacking my boyfriend+family friendly+minecraft lets play+rage+100 baby challenge sims 4+roblox mean girls+whos your daddy in roblox+roblox wheres the baby+roblox top model+roblox tycoon+minigames+roblox resort+roblox escape+the impossible quiz 2 answers+roblox adopt a kid+fidget spinner in roblox+adopt and raise a cute kid+vanilla server+best roblox game+Play Roblox+kid friendly+minecraft server+minecraft rp+fun game+daddy's nightmare+let's play the sims 4 100 baby challenge+minecraft baby+roblox zailetsplay+adopting a baby in roblox+The Neighborhood of Robloxia+baby challenge+roblox games+the sims 4+roblox minigame+roblox boyfriend+ts4 100 baby challenge+jansey+having a kid in roblox+roblox fashion designer+s4+elephant hotel roblox+how to get a free fidget spinner+adopting children+roblox school roleplay+minecraft comes alive twins+robloxia+escape the fidget spinner+android+roblox fidget spinners+mean girls+roleplay+minecraft family+the impossible quiz 2+rhs+trivia+no swears+wheres the baby+mca+roblox spa+playthrough+roblox fidget spinner+senior year+zailetsplay minecraft+roblox urbis+adopt+free app game+no cursing+my roblox account got hacked+minecraft survivial+roblox adventures+sims challenge+model",324.68,31342.8,0.0,644.52,25.16,1569.88,51.0,1254.56,62503.4,0.0,0.0,0.0,0.0,0.0
"[u'/m/025zzc', u'/m/0bzvm2']","[u'https://en.wikipedia.org/wiki/Video_game_culture', u'https://en.wikipedia.org/wiki/Action_game']","0","14132508","1888","56631",False,"https://en.wikipedia.org/wiki/Video_game_culture+https://en.wikipedia.org/wiki/Action_game+https://en.wikipedia.org/wiki/Entertainment","/m/025zzc+/m/0bzvm2+/m/02jjt","Ark Survival Afterlife+Ark Survival Evolved gameplay+PlayerUnknown's Battlegrounds Funny Moments+Player Unknown's Battlegrounds+The Legend of Zelda Breath of the Wild Gameplay+GhostWolfGames+ARK Survival Evolved Afterlife+PlayerUnknown's Battlegrounds Let's Play+Let's Play ARK Modded Survival+Zelda Breath of the Wild Ganon+PlayerUnknown's Battle Royale+ARK Modded+ARK Mods+Player Unknown's Battlegrounds Gameplay+Let's Play The Legend of Zelda Breath of the Wild+Zelda Breath of the Wild Walkthrough+Let's Play Zelda Breath Of The Wild+ARK Modded Ep 1+Breath Of The Wild+Zelda Breath Of The Wild Gameplay+Ark Taming+PlayerUnknown Battlegrounds+modded ark survival ep 1+PUBG+Zelda Breath of the Wild Playthrough+ARK Modded Gameplay+GhostWolf Games+PlayerUnknown's Battlegrounds Gameplay+PlayerUnknown's Battlegrounds+Afterlife ARK+Player Unknown Battlegrounds+ARK Modded Survival Multiplayer+PUBG Gameplay+Breath Of The Wild Gameplay+ARK Modded Survival+Ark Modded Taming+Zelda Breath of the Wild All Dungeons+GhostWolf+Let's Play PlayerUnknown's Battlegrounds+Modded ARK+PlayerUnknown's Battlegrounds Multiplayer+Zelda Breath Of The Wild+ARK Modded Part 1+ARK Afterlife+ARK Survival Evolved Multiplayer",20.44,2775.36,0.0,90.24,2.36,3991.04,70.88,917.92,66818.68,0.0,0.0,0.0,0.0,0.0
"[u'/m/025zzc', u'/m/0bzvm2']","[u'https://en.wikipedia.org/wiki/Video_game_culture', u'https://en.wikipedia.org/wiki/Action_game']","0","294778","131","5246",False,"https://en.wikipedia.org/wiki/Video_game_culture+https://en.wikipedia.org/wiki/Action_game","/m/025zzc+/m/0bzvm2","Resident Evil 7+JessVeganLifestyle+Resident Evil+JessLet'sPlay+RE7+Dead+JessLife+Daylight+Let's Plays+JessLetsPlay+Resident Evil VII+by+Facecam",2.52,212.48,0.0,18.4,0.32,1626.12,63.96,1558.56,60429.88,0.0,0.0,0.0,0.0,0.0
"[u'/m/0bzvm2']","[u'https://en.wikipedia.org/wiki/Video_game_culture']","0","259491","819","1128",False,"https://en.wikipedia.org/wiki/Music+https://en.wikipedia.org/wiki/Society+https://en.wikipedia.org/wiki/Entertainment+https://en.wikipedia.org/wiki/Lifestyle_(sociology)+https://en.wikipedia.org/wiki/Video_game_culture+https://en.wikipedia.org/wiki/Health","/m/019_rr+/m/0kt51+/m/0bzvm2+/m/02jjt+/m/098wr+/m/04rlf","Psychopathen+German+Ansem+Bitte retten Sie Menschenleben+The Walking Dead+Final Mix+PS3+PS4 Pro+#hoa+Walkthrough+#hangoutsonair+Game of Thrones+Full HD+IM GESPR\xc4CH MIT OLIVER JANICH+Kingdom Hearts+AMC+Das Blut an den H\xe4nden der Nichtw\xe4hler+High Definition+Dissoziale Pers\xf6nlichkeitsst\xf6rung+ZeldaGrossmeister+Sora+Soziopathen+DIE SPREU VOM WEIZEN+TTA+1080p+Narzissmus+Dennis Ingo Schulz+1.5 HD ReMIX+Monday Night Show 10+Playthrough+Lets Play+Goofy+Malefiz+Hangouts On Air+Xavier Naidoo - eine Ent/T\xe4uschung+Zeldameister+Komplettl\xf6sung+Herzlose+WAS FRAUEN WIRKLICH WOLLEN+Toni Mahoni+Narzisst+Playstation 3+Deutsch+Free For All #30+SERIENTALK+DIE UNENDLICHE GESCHICHTE+Free For All 22.00 Uhr+Donald+Riku+Breaking Bad+Kairi+Better Call Saul+Oliver Janich",9.36,759.84,0.0,17.2,16.16,9013.36,49.36,459.68,34007.76,0.0,0.0,0.0,0.0,0.0
"[u'/m/0bzvm2', u'/m/0bzvm2']","[u'https://en.wikipedia.org/wiki/Video_game_culture']","0","30841385","421","251756",False,"https://en.wikipedia.org/wiki/Role-playing_video_game+https://en.wikipedia.org/wiki/Technology+https://en.wikipedia.org/wiki/Video_game_culture+https://en.wikipedia.org/wiki/Lifestyle_(sociology)","/m/0403l3g+/m/0bzvm2+/m/019_rr+/m/07c1v","final fantasy 3+a normal lost phone+puzzle+famicom+final fantasy III+final fantasy nes+funny+acceptance+lets+nes+play+ff3j+lgbtqa++ff1+let's+phone+fc+gameplay+final fantasy+origins+lgbt+projared plays+original+projared+steam",333.36,27560.28,0.0,1243.76,12.88,4336.76,55.6,565.44,68859.76,0.0,0.0,0.0,0.0,0.0
"[u'/m/025zzc', u'/m/0bzvm2']","[u'https://en.wikipedia.org/wiki/Video_game_culture', u'https://en.wikipedia.org/wiki/Action_game']","18049","46872846","3453","49531",False,"https://en.wikipedia.org/wiki/Role-playing_video_game+https://en.wikipedia.org/wiki/Video_game_culture+https://en.wikipedia.org/wiki/Action_game+https://en.wikipedia.org/wiki/Entertainment","/m/025zzc+/m/0bzvm2+/m/02jjt+/m/0403l3g","clone+impression+PlayStation 4+GRAVITY RUSH\u2122 2+resident+helloween4545+Helloween4554+Isaac Clarke+walkthrough+nier+John Carver+rpg+Two player+ps2+depression+16bit+Sci-fi+3rd+thriller+trigger+review+1440p+DS3+pc+3rd person+Let's play+retro+snes+1080p+horror+Sony Interactive Entertainment+play+co-op+60fps+Dead space+action game+survival+cavia+evil+lets play+lets+adult+existential+yoko taro+#PS4share+hd+Unitology+Carver+Full HD+chrono+inside+automata+Rufert+person+square enix+Dead space 3+Visceral games+Cooperative+sartre+survival horror+obscure",45.92,2125.24,0.0,129.52,0.76,1308.8,51.68,33.44,68452.84,0.0,0.0,0.0,0.0,0.0
"[u'/m/03glg', u'/m/019_rr']","[u'https://en.wikipedia.org/wiki/Lifestyle_(sociology)', u'https://en.wikipedia.org/wiki/Hobby']","0","18025035","160","33435",False,"https://en.wikipedia.org/wiki/Hobby+https://en.wikipedia.org/wiki/Motorsport+https://en.wikipedia.org/wiki/Entertainment+https://en.wikipedia.org/wiki/Lifestyle_(sociology)+https://en.wikipedia.org/wiki/Vehicle+https://en.wikipedia.org/wiki/Video_game_culture+https://en.wikipedia.org/wiki/Health+https://en.wikipedia.org/wiki/Pet+https://en.wikipedia.org/wiki/Food","/m/0410tth+/m/019_rr+/m/0kt51+/m/07yv9+/m/03glg+/m/0bzvm2+/m/02jjt+/m/068hy+/m/02wbm","\u5fae\u578b+\u0627\u0644\u0639\u0627\u0628 \u0628\u0646\u0627\u062a+\u0633\u0627\u0628\u0642 \u0648\u0644\u0627\u062d\u0642+children+\u0627\u0644\u0648\u0627\u0646 \u062e\u0634\u0628+SPY+\u0627\u0644\u0639\u0627\u0628 \u0637\u0628\u062e+\u0627\u0644\u0648\u0632\u0646+\u0628\u0627\u0631\u0628\u0649 \u0641\u0649 \u0627\u0644\u0628\u0627\u0646\u064a\u0648+makeup toys for girls+presents+intelliigence toys+activities+\u0645\u0642\u0644\u0628+\uc7a5\ub09c\uac10+\u7ae5\u8b21+\uc778\ud615 \uc9d1+shower for dolls+minecraft mini-game+frankenstein+barbie doll+kids activities+school+lip gloss+\u0627\u0633\u0646\u0627\u0646+race+diy+kids friendly+\u0627\u0644\u0639\u0627\u0628 \u0645\u0643\u064a\u0627\u062c+fun diys+kawaii diys+funny toys+\u062f\u064a \u062c\u064a+barbie face+teeth ach+\u062a\u0646\u0645\u064a\u0629 \u0645\u0647\u0627\u0631\u0627\u062a \u0627\u0644\u0637\u0641\u0644+barbie+doctor toys+\uc138\ubc00\ud654+cacing cars toy+new+tips+do it yourself+kids challenge+3d+videogame+makeup+\u0643\u0646\u062f\u0631 \u0628\u0648\u064a\u0646\u0648+sing+kids+\u0627\u0644\u0639\u0627\u0628+barbie kitchen set+\u0631\u0645\u0636\u0627\u0646+\u0627\u0641\u0636\u0644+video game+surprise toys+\u0628\u064a\u0636 \u0643\u0646\u062f\u0631+Toys doctor+\u0627\u063a\u0627\u0646\u0649+toy cars for kids+makeup for girls+crazy+fix car+food challenge+games for girls+toys+Jurassic Park+learning colos+hospital+num noms+\u0643\u064a\u0641\u064a\u0629 \u0635\u0646\u0639+\u062a\u062d\u062f\u0649 \u0635\u0639\u0628+easter egg+music+hard challenge+\u062a\u062d\u062f\u0649 \u0627\u0644\u062a\u0644\u0648\u064a\u0646+marbles+\u0644\u0639\u0628\u0629+chocolate+kinder challenge+Soso & Yoyo+baby+\u0632\u064a\u0627\u062f \u0627\u0644\u0627\u0631\u0646\u0628+kinder chocolate+\u062a\u0639\u0644\u064a\u0645 \u0627\u0644\u0627\u062d\u062c\u0627\u0645+\u0627\u0644\u0639\u0627\u0628 \u0645\u0643\u064a\u0627\u062c \u0627\u0637\u0641\u0627\u0644+room+easter surprise+challenge+sour+playset toy food+play on+\u0631\u0648\u0627\u0646 \u0648\u0631\u064a\u0627\u0646+\u0627\u0644\u0639\u0627\u0628 \u0630\u0643\u0627\u0621 \u0644\u0644\u0623\u0637\u0641\u0627\u0644+figure+\u0627\u0644\u0627\u0634\u0643\u0627\u0644+\u062a\u0644\u062d\u064a\u0646+toy opening+make up toys for girls+\u0645\u0627\u0630\u0627 \u064a\u0648\u062c\u062f \u0641\u0649 \u0627\u0644\u0635\u0646\u062f\u0648\u0642+\u062a\u062d\u062f\u0649 \u0627\u0644\u062e\u0648\u0641+\u0628\u064a\u0636 \u0627\u0644\u0645\u0641\u0627\u062c\u0622\u062a+\u304a\u3082\u3061\u3083+cooking toys+diy bedroom+challenge videos+Doc. McStuffins+\u0643\u062a\u0627\u0628 \u062a\u0644\u0648\u064a\u0646+toys kitchen set+barbie toys+doll house+\u0627\u0644\u0639\u0627\u0628 \u062a\u0639\u0644\u064a\u0645\u064a\u0629+vlogging+comedy+\ub3c4\ub85c\ub180\uc774 \uc7a5\ub09c\uac10+dinosaurs+for children+Dinosaur Games+balance toy+barbie bath+electronic keyboard+ambulance+juegos de cars+kids video+playing+\u0645\u0643\u064a\u0627\u062c+kids toys+two sisters+DIY Dollhouse+frozen kitchen+ramadan+marble maze+family fun+dollcrafts+keyboard+style+police+\u0627\u0644\u0639\u0627\u0628 \u062a\u0644\u0628\u064a\u0633 \u0628\u0646\u0627\u062a+\u0645\u0637\u0628\u062e+\u062f\u0628\u062f\u0648\u0628+\u0627\u0639\u0644\u0627\u0646\u0627\u062a+2017+diy miniature furniture+dolls+Kids+toys and me+all easter eggs+velcro cutting fruits+sweets+girls toys+all kind of games+family friendly+for toddlers+lana del rey+the maze runner+games for kids+how to+uci mass+activities for kids+my littlepony+doc mcstuffins+doctor kid+\u0627\u0644\u0639\u0627\u0628 \u0628\u0646\u0627\u062a \u062a\u0644\u0628\u064a\u0633+#\u064a\u0644\u0627_\u0628\u064a\u0646\u0627_\u0646\u0644\u0639\u0628+series+fish+toy kitchen+diys+girl+barbie kitchen+joker+music for kids+\u0627\u0644\u0639\u0627\u0628 \u0639\u0631\u0628\u064a\u0627\u062a+repairing car toys+\u0636\u062d\u0643+playground+surprise+car racing+prank+\u0647\u064a\u0627 \u0648\u0645\u0631\u0627\u0645+youtube music+cars+\u062a\u062d\u062f\u0649 \u0643\u0646\u062f\u0631+\u0633\u0648\u0633\u0648 \u0648 \u064a\u0648\u064a\u0648 \u0641\u0649 \u0631\u0645\u0636\u0627\u0646+barbie dreamhouse+learning colors for kids+\u0627\u0644\u0645 \u0627\u0633\u0646\u0627\u0646+\u062a\u062d\u062f\u0649 \u0627\u0644\u0628\u064a\u0628\u0633\u0649+hair style+beauty set+\u062d\u0645\u0627\u0645 \u0628\u0627\u0631\u0628\u0649+fishing games+\u062a\u0644\u0628\u064a\u0633 \u0628\u0627\u0631\u0628\u0649+\u0645\u062a\u0627\u0647\u0647+horror games+eggs surprise+\ucf69\uc21c\uc774+frozen toys+\u0627\u0644\u0639\u0627\u0628 \u062a\u0644\u0628\u064a\u0633 \u0628\u0627\u0631\u0628\u0649+\u0645\u0633\u0644\u0633\u0644 \u062c\u062f\u064a\u062f+house tour+surorise eggs+playon+\u0627\u063a\u0627\u0646\u0649 \u0627\u0637\u0641\u0627\u0644+two sister+\u0627\u064a\u0634 \u0641\u0649 \u0627\u0644\u0635\u0646\u062f\u0648\u0642+toy+huevo kinder+kinder+girls+\u062a\u062d\u062f\u0649 \u0627\u0644\u0627\u0646\u062a\u0642\u0627\u0645+the game+\u0627\u0644\u0639\u0627\u0628 \u0627\u0637\u0641\u0627\u0644+\u0627\u0644\u0639\u0627\u0628 \u0643\u0646\u062f\u0631+\u0628\u0627\u0631\u0628\u0649 \u062d\u0627\u0645\u0644+\u063a\u0646\u0627\u0621+can you do this+my dream house+for kids+maze toy+cute diys+videogames+how to be a doctor+\u0627\u0644\u0639\u0627\u0628 \u0637\u0628\u062e \u0628\u0646\u0627\u062a+\u0645\u064a\u0643\u0631\u0648\u0641\u0648\u0646+\u0644\u0639\u0628\u0629 \u0645\u0637\u0628\u062e+kinder sorpresa+bed+food cutting+fruits+\u062a\u062d\u062f\u0649 \u0627\u0644\u0634\u064a\u0628\u0633\u0649+jurrasic+kinder eggs+toy car demos+DJ+coloring pages+dollhouse with lights+\u0633\u0627\u0631\u0629+\u062a\u062d\u062f\u0649+cleverness+baby alive channel+microphone+\u0645\u0633\u0644\u0633\u0644+mic+\u0645\u0643\u064a\u0627\u062c \u0646\u0627\u0639\u0645+bad kids+\u064a\u0645\u0646\u0649 \u0627\u0644\u062f\u0643\u062a\u0648\u0631\u0629+kitchen games+numbers for kids+can you do+omar toys+pranks+\u062a\u062d\u062f\u0649 \u0627\u0644\u0627\u0646\u062f\u0648\u0645\u0649+toys for kids+funny kids+play+sour candy+crafts+victoria+disney toys+\u062a\u062d\u062f\u064a\u0627\u062a+\u062a\u0639\u0644\u064a\u0645 \u0627\u0644\u0641\u0648\u0627\u0643\u0647+play dough+barby+\u062a\u062d\u062f\u0649 \u0627\u0644\u0636\u062d\u0643+lightning mcqueen+singer+fishing toys+egg+\u062a\u0639\u0644\u064a\u0645+baby alive+kinder surprise eggs+kids kitchen toys+famtastic+Yumi King+cooking+bear balance+kinder toys+colors+bedroom+\u0627\u0644\u0639\u0627\u0628 \u0628\u0627\u0631\u0628\u0649+playground for kids+fun kids games+coloring+children video+piano+nail polish+\u0645\u062a\u0627\u0647\u0647 \u0627\u0644\u0645\u0644\u0627\u0628\u0633+stop+toy cars for children+lets play+video games for kids+barbie party+\u0628\u064a\u0636\u0629 \u0643\u0646\u062f\u0631+kids songs+toys food+game for kids+vlog+\u0645\u0633\u0644\u0633\u0644\u0627\u062a \u0631\u0645\u0636\u0627\u0646+bad+\u0627\u0642\u0648\u0649 \u062a\u062d\u062f\u0649+playstation+intelligence+hayla+babydoll+\u0627\u0633\u0646\u0627\u0646 \u0627\u0644\u0627\u0637\u0641\u0627\u0644+best+\u062a\u0642\u0637\u064a\u0639 \u062e\u0636\u0631\u0648\u0627\u062a+\u0628\u064a\u0628\u0649 \u0622\u0644\u0627\u064a\u0641+\u0644\u0639\u0628\u0629 \u0627\u0644\u0645\u062a\u0627\u0647\u0647+colours+games mall+toy reviews+\u0627\u0644\u0639\u0627\u0628 \u064a\u0648\u0633\u0649 \u0645\u0627\u0633+in public+play doh cooking+opening+pencil colors+kitchen+kinder eggs surprise+coloring book+makeup toys+\u062a\u0633\u0631\u064a\u062d\u0629+\u0645\u0648\u0633\u064a\u0642\u0649+tour+games+\u062e\u0636\u0631\u0648\u0627\u062a+kids car videos+\u0645\u0648\u0633\u064a\u0642\u0649 \u0644\u0644\u0627\u0637\u0641\u0627\u0644+bell+\u0627\u0644\u0639\u0627\u0628 \u0630\u0643\u0627\u0621+\u0641\u0631\u0642\u0629 \u0645\u0648\u0633\u064a\u0642\u064a\u0629+tiana+toy food+learn colors+toy cars+surprise eggs+matching game+creativity+dress-up+new games+dance challenge+dollroom+kinder surprise+funtime+for girls+baby alive videos+baby alive doll+Disney Toys Collector+kid diys+\u062e\u0627\u064a\u0641\u0629+\u0645\u0642\u0627\u0644\u0628+\u0645\u0643\u064a\u0627\u062c \u062e\u0641\u064a\u0641+how to make bikini+miniature diys+frozen+makeup challenge+smartness+\u0645\u0643\u064a\u0627\u062c \u0648\u062a\u0633\u0631\u064a\u062d\u0629 \u0627\u0637\u0641\u0627\u0644+bikini+fun+\u0627\u0644\u0639\u0627\u0628 \u0628\u0646\u0627\u062a \u0628\u0627\u0631\u0628\u0649+Check up+baby doctor+girls make up toys+candy challenge+\u0627\u0644\u0648\u0627\u0646 \u0627\u0637\u0641\u0627\u0644+baby doll+tayo toys+kitchen for kids+DIY+ramadan 2017+funny+doctor+in real life+\u0647\u0627\u062c\u0631 \u0627\u0644\u062f\u0643\u062a\u0648\u0631\u0629+speaker+model cars+toy kitchen set+\u0627\u0644\u0639\u0627\u0628 \u0628\u0627\u0631\u0628\u0649 \u0628\u0646\u0627\u062a+\u062a\u062d\u062f\u064a \u0627\u0644\u0644\u0647\u062c\u0627\u062a+baby kitchen toys+dream houses+Toys Channel+Kids challenges+\u0627\u063a\u0646\u064a\u0629+kinder malo+\u0627\u0644\u062d\u0627\u0646+\u0627\u0644\u0639\u0627\u0628 \u0628\u064a\u062a+\u0644\u0639\u0628\u0629 \u0627\u0644\u0628\u064a\u0627\u0646\u0648+\ub3d9\uc694+learning game+\u062a\u0639\u0644\u064a\u0645 \u0627\u0644\u0627\u0637\u0641\u0627\u0644+fixing racing cars+Jurassic Park games+dolls vid+barbie bikini+barbie toys cooking+yumi king+outdoor+\u0639\u0632\u0641+\u0645\u0633\u0644\u0633\u0644\u0627\u062a \u0631\u0645\u0636\u0627\u0646 2017+barbie shower+\u0627\u0644\u0628\u064a\u0627\u0646\u0648+\u0627\u0639\u0644\u0627\u0646+diy activities+\u0647\u0627\u062c\u0631+barbie makeup+makeover+\u30df\u30cb\u30c1\u30e5\u30a2+family+\u062a\u0644\u0648\u064a\u0646+\u73a9\u5177\u5c4b+Victoria+\u0641\u0649 \u0631\u0645\u0636\u0627\u0646+learn makeup+#videogame+\u0627\u0644\u0628\u0631\u0648\u0645\u0648 \u0627\u0644\u0631\u0633\u0645\u0649+\u0627\u0644\u0639\u0627\u0628 \u0645\u0643\u064a\u0627\u062c \u0628\u0646\u0627\u062a+game+\u0628\u0646\u0627\u062a+darlingdollsvideo+\u064a\u0644\u0627 \u0628\u064a\u0646\u0627 \u0646\u0644\u0639\u0628+colors for kids+ploop channel+Fashion+\u0627\u0644\u0639\u0627\u0628 \u0633\u064a\u0627\u0631\u0627\u062a+gift+play time+candy+xbox+kitchen set+Music+Soso & Yoyo in Ramadan+doll+spring+\u0628\u0627\u0631\u0628\u064a+\u0631\u0645\u0636\u0627\u0646 2017+lips+jouet+\u0627\u0639\u0644\u0627\u0646\u0627\u062a \u0631\u0645\u0636\u0627\u0646 2017+\u0627\u0644\u0639\u0627\u0628 \u0639\u0645\u0631+gross+palying+tube+creative+lana video games+electronic keyboard (musical instrument)+\u0446\u0432\u0435\u0442\u0430+power+room tour+cooking games+how to make+toys for girls+crafting+PomPom+bedroom tour+kitchen playset+TAYO TRUCK FIXERS+kid doctor+\u0645\u0642\u0644\u0628 \u0643\u0646\u062f\u0631+Smart Doll+\u0627\u0635\u0648\u0627\u062a+\u0627\u0644\u0639\u0627\u0628 \u062a\u0646\u0645\u064a\u0629 \u0645\u0647\u0627\u0631\u0627\u062a+kids videos+Racing+make up+gameplay skit+\u0627\u0644\u0648\u0627\u0646+\u0643\u0646\u062f\u0631 \u062c\u0648\u0649+videogames lana+\u0644\u0639\u0628 \u0627\u0637\u0641\u0627\u0644+\u062a\u0644\u0648\u064a\u0646 \u0627\u0637\u0641\u0627\u0644+good boys+bad baby+v\u1ea7n \u0111i\u1ec7u tr\u1ebb+\u0627\u0644\u0639\u0627\u0628 \u0628\u0646\u0627\u062a \u0637\u0628\u062e+kids channel+maze+\u062a\u0639\u0644\u064a\u0645 \u0645\u0643\u064a\u0627\u062c+gta easter eggs+\u0627\u063a\u0627\u0646\u064a \u0644\u0644\u0627\u0637\u0641\u0627\u0644+\u7ae5\u8c23+kids learning song+toy trucks videos+kids play+\u0627\u0644\u0639\u0627\u0628 \u0637\u0628\u062e \u0641\u0631\u0648\u0632\u0646+injection+\u0633\u0648\u0633\u0648 \u0648 \u064a\u0648\u064a\u0648+\u0627\u0644\u0639\u0627\u0628 \u062a\u0644\u0628\u064a\u0633+volume+children songs+dollhouse + LED+dollhouse+funny videos+record+the maze+kinder joy+barbie girl+Superhero+\u0627\u0644\u0639\u0627\u0628 \u062f\u0643\u062a\u0648\u0631\u0629+\u064a\u0645\u0646\u0649+\u0643\u0646\u062f\u0631+\u0627\u0644\u062a\u0644\u0648\u064a\u0646+\u0643\u0646\u062f\u0631 \u0633\u0628\u0631\u0627\u064a\u0632+two sister tube+racing car+education+toy car videos+kids cartoons+\u0628\u064a\u0627\u0646\u0648+\u0639\u0645\u0631 \u062a\u0648\u064a\u0632+\u0645\u0627\u064a\u0633\u062a\u0631\u0648+sick+\u0628\u0631\u0648\u0645\u0648+\u0623\u0644\u0639\u0627\u0628+play doh+kandee+real cooking toys+\u0627\u0637\u0641\u0627\u0644+pom pom+check up+opining toys+racing cars for kids+\u0648\u062c\u0639+\u0627\u0644\u0639\u0627\u0628 \u0641\u064a\u062f\u064a\u0648+\u0627\u0644\u0639\u0627\u0628 \u0637\u0628\u062e \u0628\u0627\u0631\u0628\u0649+kids makeup challenge+\u0627\u0644\u0639\u0627\u0628 \u062a\u0646\u0645\u064a\u0629 \u0645\u0647\u0627\u0631\u0627\u062a \u0627\u0644\u0637\u0641\u0644+kids react+songs",84.4,28801.44,0.0,222.6,43.8,372.36,70.0,735.2,36776.0,0.0,0.0,0.0,0.0,0.0
"[u'/m/04rlf', u'/m/04rlf']","[u'https://en.wikipedia.org/wiki/Music']","0","50426128","296","361046",False,"https://en.wikipedia.org/wiki/Electronic_music+https://en.wikipedia.org/wiki/Rock_music+https://en.wikipedia.org/wiki/Music+https://en.wikipedia.org/wiki/Country_music+https://en.wikipedia.org/wiki/Pop_music+https://en.wikipedia.org/wiki/Music_of_Latin_America+https://en.wikipedia.org/wiki/Independent_music","/m/064t9+/m/0g293+/m/06by7+/m/01lyv+/m/05rwpb+/m/04rlf+/m/02lkt","stay with me guitar chords+closer fingerstyle guitar tutorial+how to play despacito+lyrics+new man ed sheeran+how to play guitar+plain white t's here there delilah guitar lesson+how to play stay with me+halsey+onerepublic timbaland+fingerstyle tutorial+new man guitar lesson+Beauty and the beast+one last breath chords+the one guitar lesson+how to play apologize+harry styles+guitar lesson tutorial+Chanyeol+harry styles sweet creature guitar lesson+one last breath guitar lesson+easy+numb guitar lesson+numb chords+lesson tutorial+linkin park numb guitar lesson+how to play one last breath+goblin stay with me guitar lesson+fingerstyle lesson+stay with me guitar lesson+the chainsmokers+hearts don't break around here guitar lesson+shape of you guitar lesson+guitar chords+how to play country roads+figerstyle lesson+how to play shape of you+how to play new man+fingerpicking+when you love someone guitar lesson+Slow Dancing In A Burning Room guitar lesson+stay with me+country roads guitar lesson+creed one last breath guitar lesson+how to+letsplayguitar+stay with me fingerstyle+harry styles guitar lesson+sign of the times guitar lesson+justin bieber love yourself guitar lesson+guitar lesson+the one chords+There's Nothing Holding Me Back guitar tutorial+onerepublic guitar lesson+solo lesson+acoustic+ed sheeran shape of you guitar lesson+shawn mendes guitar lesson+sungha jung+creed+adele guitar lesson+plain white t's+how to play someone like you+closer guitar tutorial+GOBLIN+new man guitar tutorial+tutorial+john mayer Slow Dancing In A Burning Room guitar lesson+closer+hey there delilah chords+cant help falling in love with you fingerstyle+Punch+the one+james tw guitar tutorial+can't help falling in love with you+tutorial lesson+live version+new man+the chainsmokers the one guitar lesson+solo+hearts dont break around here guitar tutorial+tum hi ho guitar tutorial+Cant help falling in love with you+attention+yesterday guitar tutorial+ed sheeran guitar tutorial+fingerstyle guitar tutorial+guitar+ed sheeran+There's Nothing Holding Me Back+attention chords+beauty and the beast guitar+elvis presley+fingerstyle cover+beauty and the beast guitar lesson+how to play Slow Dancing In A Burning Room+asouctica+fingerstyle+despacito guitar lesson+cant help falling in love guitar lesson+shawn mendes+tum hi ho guitar+como tocar+justin bieber+can't+when you love someone guitar tutorial+cant help falling in love with you guitar lesson+country roads take me home guitar lesson+linkin park numb lesson+como tocar despacito+how to play fingerstyle guitar+the beatles+take me home+linkin park+how to play hearts don't break around here+despacito+sweet creature guitar lesson+lesson+apologize timbaland+hey there delilah+someone like you guitar tutorial+twenty one pilots guitar lesson+how to play closer+Can't Help Falling in Love guitar lesson+fingerstyle guitar+21 pilots+live+tum hi ho fingerstyle+guitarra+new man guitar+tum hi ho+closer guitar+the chainsmokers guitar lesson+someone like you+country roads take me home guitar tutorial+shape of you guitar+how to play love yourself+Luis Fonsi+Slow Dancing In A Burning Room guitar tutorial+sign of the times guitar tutorial+yesterday guitar+piano+numb guitar+someone like you guitar lesson+how to play+sweet creature guitar tutorial+attention guitar lesson+james tw+learn+There's Nothing Holding Me Back guitar lesson+apologize guitar lesson+john mayer guitar lesson+despacito guitarra+hearts dont break around here+how to play sweet creature+the beatles yesterday guitar+tabs+the chainsmokers the one+india+hey there delilah guitar lesson+intro+adele+There's Nothing Holdin' Me Back+james tw guitar lesson+fingerstyle guitar lesson+john mayer guitar+how to play the one+shape of you guitar tutorial+love yourself fingerstyle+love yourself+Daddy Yankee+apologize cover+Justin Bieber+ed sheeran lesson+how to play hey there delilah+ed sheeran new man guitar tutorial+how to play tum hi ho+closer guitar lesson+love yourself guitar tutorial+guitar cover+sweet creature+beauty and the beast fingerstyle+the beatles yesterday guitar lesson+yesterday+the beatles yesterday+charlie puth attention+attention guitar+when you love someone+numb+Aashiqui 2+hey there delilah guitar tutorial+one last breath+ed sheeran guitar lesson+tum hi ho aashiqui 2+chords+harry styles sign of the times guitar lesson+twenty one pilots+cant help falling in love with you+cover+john mayer+how to play numb+Slow Dancing In A Burning Room+sign of the times+guitar tutorial+shape of you",198.6,52963.12,0.0,1392.44,12.16,1615.84,88.72,421.6,56049.52,0.0,0.0,0.0,0.0,0.0
"[u'/m/025zzc', u'/m/0bzvm2']","[u'https://en.wikipedia.org/wiki/Video_game_culture', u'https://en.wikipedia.org/wiki/Action_game']","0","94887","162","1163",False,"https://en.wikipedia.org/wiki/Role-playing_video_game+https://en.wikipedia.org/wiki/Racing_video_game+https://en.wikipedia.org/wiki/Sports_game+https://en.wikipedia.org/wiki/Video_game_culture+https://en.wikipedia.org/wiki/Action_game+https://en.wikipedia.org/wiki/Puzzle_video_game","/m/04q1x3q+/m/022dc6+/m/0bzvm2+/m/0403l3g+/m/01sjng+/m/025zzc","ASMR GAMING+ASMR Video Games+ASMR whisper+Mass Effect+ASMR sleep gaming+Mass Effect: Andromeda+Dark Souls 3+ASMR SLEEP GAMING+PS4+ASMR VIDEO GAMES+Little Nightmares+ASMR+nintendo switch+ASMR Gaming+ASMR gaming whisper+ASMR male voice+Horror+slime rancher asmr+Blaster Master Zero+MLBTheShow+Talos Principle+RPG+ASMR soft spoken+ASMR tingles+The forest+ASMR GAMING WHISPER+AMSR TINGLES+ASMR MALE VOICE+Overwatch+LET'S PLAY QUIETLY ASMR+ASMR CONTROLLER SOUNDS+ASMR SOFT SPOKEN+Let's Play Quietly ASMR+LET'S PLAY QUIETLY+lets play slime rancher+fast rmx+Blaster master+Nintendo Switch+Deadly Premonition+Weekly Whisper+The Division+ASMR WHISPER+Dark Souls+Resident Evil 7+Let's play Quietly+slime rancher",4.4,234.12,0.0,9.64,0.12,1024.92,73.4,1530.72,40449.76,0.0,0.0,0.0,0.0,0.0
"[u'/m/025zzc', u'/m/0bzvm2']","[u'https://en.wikipedia.org/wiki/Video_game_culture', u'https://en.wikipedia.org/wiki/Action_game']","2","8959796","2315","35780",False,"https://en.wikipedia.org/wiki/Video_game_culture+https://en.wikipedia.org/wiki/Action_game","/m/025zzc+/m/0bzvm2","slovensk\xfd preklad+The Surge cz sk+The Surge hran\xed+Mass Effect Andromeda cz+Prey Lets Play+slovensky+The Surge \u010desky+HQ+Mass Effect Andromeda+\u010desk\xfd preklad+\u010desk\xfd lets play+1080p+cz+Lets+Prey+Andromeda hran\xed+Andromeda prechod+horor+The Surge hranie+HD+\u010desky+Mass Effect Andromeda gameplay cz+The Surge cz+The Surge Frankenstein+The Surge Lets Play+The Surge+PC+Andromeda pr\u016fchod+Prey \u010desky+slovensk\xfd gameplay+konec+Prey Frankenstein+Prey gameplay cz+play+The Surge sk+Prey cz+slovensk\xfd Lets play+cz sk+Prey 2017+\u010desk\xe9 titulky+horror+cz titulky+Prey pr\u016fchod+Prey 2017 cz sk+Prey hranie+Mass Effect Andromeda Frankenstein+Prey slovensky+Andromeda hranie+The Surge slovensky+Prey prechod+Prey hran\xed+Mass Effect Andromeda slovensky+Prey sk+The Surge gameplay cz+Mass Effect Andromeda \u010desky+Gameplay+Frankenstein Let's Play+The Surge pr\u016fchod+\u010desk\xfd gameplay+Andromeda Lets Play+sk+Andromeda sk+The Surge prechod+koment\xe1r",17.64,2325.2,0.0,245.32,2.28,2589.12,69.8,509.44,51326.64,0.0,0.0,0.0,0.0,0.0
"[u'/m/019_rr', u'/m/019_rr']","[u'https://en.wikipedia.org/wiki/Lifestyle_(sociology)']","9","4482441","334","32691",False,"https://en.wikipedia.org/wiki/Performing_arts+https://en.wikipedia.org/wiki/Video_game_culture+https://en.wikipedia.org/wiki/Entertainment+https://en.wikipedia.org/wiki/Lifestyle_(sociology)","/m/02jjt+/m/0bzvm2+/m/019_rr+/m/05qjc","blind spielen+The Kurono+VHS Kassette+Special 1990er+Kurono+Sturmi+Center Shocks+LPP14 Trailer+Stra\xdfe Poker+Let\u2019s Play poker+Just Dance Battle+Poker 2016+Lets Play Poker+Straight Poker+LPP Highlights+ausbluffen+PokerStars (Business Operation)+Hits+Teil 8+Poker Livestream+Center Shock Challenge+Joke+Challenge+Teil 7+LPP+Jokes+DatKuro+Hold Em+Jaorw Julian+schlechte Witze+TheKurono+Martin Pott+Jarow Julian+Rap+Ops i did it again+Homeshopping+Pano+let's play poker+Play Poker+LPP15+Tanz Challenge+Behind the Scenes+jarow+Tamagotchi+liveshow+Poker+All In+Krasser Bluff+Julianaufyoutube+pokerstars+CrispyRob+lustige Witze+Hand Pokerchips+SturmwaffelLP+MarcelScorpion+Straight+Freddy+Let's Play+jarow Julian+90er Gadgets+Highlight Clip+Sonny Loops+Poker Duell+mega Bluff+BTS+Julian+Rob+Game Show (TV Genre)+Dance Battle+Discman+Poker (Playing Card Game)+Kelly aka MissesVlog+LPPlive+Spendenvideo+LPP Highlight+Home Shopping+Mega-Bluff+Witze+Rap Battle+potti+Gameboy+PokerStars+Videokassette+Poker live+Charity+90er Special+Chubby Bunny+Hinter den Kulissen+Sturmwaffel+MiniSturmiShow+Flop+reallifestory+Flachwitze+SonnyLoops+Wildcard+Smurf+Highlight+Britney Spears+beste Witze+LPPderLiebe+Texas Holdem+MissesVlog+Kelly Misses Vlog+Stra\xdfe+Pokerface+Jarow+headsup+Marcel Scorpion+Kassette+pokern+Jaro+Highlights+Julian jarow+Teilnehmer+lets play poker+SchizophrenicBlog+ThKurono+Beatboxen+Gaby Sanejstra+Joke Battle+Beatbox+Witz+Freddie+Teil 4+Dance Challenge+Bluff+Teil 5+crispyrob+Teil 6+marcelscorpion+Kassette aufrollen+Bluff Battle+1990er Jahre Special+bluff+Kelly+Teil 3+blind pokern+Verkaufsshow+funny jokes+Just Dance Challenge+martin pott+Chubby Bunny Challenge+Marcel+lpp+Teleshopping+Schizophrenicblog+Kelly MissesVlog+Teleshopping Challenge+Crispy Rob",2.56,1270.04,0.0,28.28,1.6,552.08,59.48,1608.64,37258.52,0.0,0.0,0.0,0.0,0.0
"[u'/m/0bzvm2', u'/m/0bzvm2']","[u'https://en.wikipedia.org/wiki/Video_game_culture']","0","344724","1982","1324",False,"https://en.wikipedia.org/wiki/Role-playing_video_game+https://en.wikipedia.org/wiki/Film+https://en.wikipedia.org/wiki/Video_game_culture+https://en.wikipedia.org/wiki/Entertainment+https://en.wikipedia.org/wiki/Lifestyle_(sociology)","/m/0403l3g+/m/0bzvm2+/m/02jjt+/m/019_rr+/m/02vxn","End+MAMJ Lets PLay+Ghost Station+Neptunia VII+Dreamfarer+Ending I+Mecha Nika+Xolga and Mr. Toko+KMiller+Ending M+The Hanged Man+MAMJ Let's Play+Commentary+Ending+Point and Click+Dialogue+Good+Return+Bonus Room+RPG Maker+Horror+Return of the Samurai+Evil+Megadimension+Game+Adventure+Val-11 Hall-A+Yurei Station+The Painful+True Ending+Vlog+Uri+Visual Novel+Hakuda's Wife+Ending O+Mango+Lisa+Voice+Annice+Guide+Agatha Knife+Ending 3+Playthrough+Protocol+MAMJ Lets Play+Extra+Indie+Puzzle+Japanese+Audio+Voices+Yuurei Station+Walkthrough+Valhalla+Red Haze+Ending G+New Schedule+Mechanika+Va-11 Hall-A",19.6,143.12,0.0,13.08,0.12,1689.72,47.6,826.64,60771.48,0.0,0.0,0.0,0.0,0.0
"[u'/m/0bzvm2', u'/m/0bzvm2']","[u'https://en.wikipedia.org/wiki/Video_game_culture']","1","437293","659","1627",False,"https://en.wikipedia.org/wiki/Role-playing_video_game+https://en.wikipedia.org/wiki/Entertainment+https://en.wikipedia.org/wiki/Sports_game+https://en.wikipedia.org/wiki/Video_game_culture+https://en.wikipedia.org/wiki/Action_game+https://en.wikipedia.org/wiki/Television_program","/m/0bzvm2+/m/0403l3g+/m/022dc6+/m/02jjt+/m/025zzc+/m/0f2f9","computer game space quest 4+final fantasy 6+baseball stars walkthrough+payday 2 playthrough+final fantasy 6 longplay+ps4 outlast 2+u.n. squadron game+lets play thimbleweed park+family feud+total request july+lets play baseball stars+abobo's big adventure walkthrough+baseball stars playthrough+u.n. squadron super nintendo+outlast 2 playthrough+space quest 4 computer game gameplay+u.n. squadron snes gameplay+let's play thimbleweed park+april fools day+let's play+let's play family feud+abobo's big adventure computer game gameplay+ps4 payday 2+u.n. squadron video+payday 2 video+let's play payday 2+family feud snes gameplay+abobo's big adventure gameplay+lets play abobo's big adventure+abobo's big adventure longplay+space quest 4 longplay+outlast 2+april fools+mass effect: andromeda ps4 gameplay+let's play u.n. squadron+family feud snes+space quest 4 gameplay+payday 2 ps4 gameplay+payday 2 walkthrough+lets play final fantasy 6+final fantasy 6 video+space quest 4 video+payday 2+outlast 2 video+u.n. squadron walkthrough+payday 2 game+nes baseball stars+lets play payday 2+abobo's big adventure playthrough+final fantasy 6 game+u.n. squadron play through+baseball stars nes+baseball stars nintendo+payday 2 ps4+abobo's big adventure game+family feud longplay+outlast 2 game+space quest 4 walkthrough+u.n. squadron longplay+snes u.n. squadron+let's play outlast 2+thimbleweed park video+lets play space quest 4+thimbleweed park+lets play u.n. squadron+let's play abobo's big adventure+outlast 2 ps4+lets play outlast 2+thimbleweed park walkthrough+thimbleweed park game+thimbleweed park play through+mass effect: andromeda video+final fantasy 3 snes+thimbleweed park pc+abobo's big adventure+u.n. squadron snes+space quest 4 game+thimbleweed park longplay+outlast 2 longplay+u.n. squadron gameplay+u.n. squadron+let's play with brigands+abobo's big adventure play through+lets play family feud+payday 2 play through+mass effect: andromeda ps4+abobo's big adventure video+space quest 4+family feud playthrough+mass effect: andromeda walkthrough+abobo's big adventure pc+payday 2 gameplay+family feud video+let's play final fantasy 6+final fantasy 6 walkthrough+space quest 4 playthrough+final fantasy 3 super nintendo+space quest 4 pc+snes final fantasy 3+mass effect: andromeda longplay+baseball stars video+baseball stars nes gameplay+baseball stars+computer game abobo's big adventure+let's play baseball stars+mass effect: andromeda gameplay+family feud walkthrough+snes family feud+thimbleweed park computer game gameplay+let's play space quest 4+outlast 2 gameplay+baseball stars game+family feud super nintendo+computer game thimbleweed park+baseball stars longplay+family feud play through+baseball stars play through+outlast 2 walkthrough+outlast 2 play through+final fantasy 6 playthrough+final fantasy 6 gameplay+baseball stars gameplay+space quest 4 play through+final fantasy 3 snes gameplay+thimbleweed park playthrough+mass effect: andromeda playthrough+lets play with brigands+final fantasy 6 play through+let's play mass effect: andromeda+family feud game+u.n. squadron playthrough+thimbleweed park gameplay+ps4 mass effect: andromeda+family feud gameplay+mass effect: andromeda+outlast 2 ps4 gameplay",3.92,77.28,0.0,5.44,0.0,3283.16,57.88,425.72,59279.36,0.0,0.0,0.0,0.0,0.0
"[u'/m/025zzc', u'/m/0bzvm2']","[u'https://en.wikipedia.org/wiki/Video_game_culture', u'https://en.wikipedia.org/wiki/Action_game']","103","152176080","2264","361015",False,"https://en.wikipedia.org/wiki/Video_game_culture+https://en.wikipedia.org/wiki/Action_game","/m/025zzc+/m/0bzvm2","play+uk\xe1zka+stream+walkthrough+czech+1080p+hq+titulky+koment\xe1\u0159+cz+lets+Agraelus+dabing+gameplay+konec+hd",378.96,71645.48,0.0,6083.44,47.72,2127.64,34.68,343.0,57581.32,0.0,0.0,0.0,0.0,0.0
"[u'/m/0bzvm2', u'/m/0bzvm2']","[u'https://en.wikipedia.org/wiki/Video_game_culture']","0","2288","5","42",False,"https://en.wikipedia.org/wiki/Vehicle+https://en.wikipedia.org/wiki/Video_game_culture","/m/0bzvm2+/m/07yv9","Let's show+SWK+Matrix+Citaro+Tagfahrlicht+Farego+Voith+Blankwitz+Lemmental+Nagoldtal+Aachen+AG+R98+CVAG+#3+Krefrath+#1+Vorstellung+#5+O530+Lets Show+Map+Omsi 2+Euro 3+Let's Show+G Facelift+Bus+Verkehr+Ruhrgebiet+RVL+Ibox+Nagold+Omsi+Kretz+Nagoldtal Lets Play+Hofmeister+Aachen Addon+O 530+#4+SEV+Werbung+Nagoldtal Let's Play+AC+Stadtbus+Omsi Aachen+Karte+Bus Simulator+Omnibus+Mod+Anleger+II+Lets Play+Omsi Karte Blankwitz+O 305+Schwarzwald+zahlt sich aus+Facelift+Bussimulator+Citaro Facelift G+Meer+Gelenkbus+Modifikation+2016+F\xe4hre+Linie 54+Simulator+Bildschirm+Weiden+Diwa+warten+Nebel+Sitz+Let's Play+#2+Linie+kommentiert+Schienenersatzverkehr+Linie 29+Citaro II+Chemnitz",5.6,455.2,0.0,0.0,0.0,0.0,0.0,0.0,0.0,0.0,0.0,0.0,0.0,0.0
"[u'/m/0bzvm2', u'/m/0bzvm2']","[u'https://en.wikipedia.org/wiki/Video_game_culture']","911","41511719","5679","140867",False,"https://en.wikipedia.org/wiki/Video_game_culture+https://en.wikipedia.org/wiki/Action_game+https://en.wikipedia.org/wiki/Strategy_video_game","/m/025zzc+/m/0bzvm2+/m/03hf_rm","Siedler+deutsch+german+footage+Ron Gilbert+walkthrough+Echtzeit+Geschichte+Aufbau+Point and Click+klassisch+Playlist Northgard+spiele+reboot+spielszenen+lets+Dorf+RahmschnitzeLP+Adventure+Entf\xfchrung+Planung+2017+letz+spiel+Ego-Shooter+gaming+videogame+Shooter+RahmschnitzelLP+let's+lets play+game+gameplay+hd+RahmschnitzLP+ingame+Rahmschnitzel+First Person+Strategie+Aliens+Playlist Prey 2017+games+neu+Playlist Thimbleweed Park",4.6,836.44,0.0,42.32,0.48,1419.04,62.84,1045.8,47398.68,0.0,0.0,0.0,0.0,0.0
"[u'/m/0bzvm2', u'/m/0bzvm2']","[u'https://en.wikipedia.org/wiki/Video_game_culture']","5","6151007","2833","29294",False,"https://en.wikipedia.org/wiki/Role-playing_video_game+https://en.wikipedia.org/wiki/Video_game_culture+https://en.wikipedia.org/wiki/Action_game+https://en.wikipedia.org/wiki/Strategy_video_game","/m/025zzc+/m/0bzvm2+/m/03hf_rm+/m/0403l3g","stellar tactics gameplay+stellar tactics new+OpenXCOM TFTD gameplay part+software inc gameplay+software inc game+stellar tactics+lets play OpenXCOM TFTD part 1+software inc part+rimworld mod+rimworld cthulhu mod+stellar tactics ep+rimworld game+yeti stellar tactics+OpenXCOM TFTD gameplay part 1+software inc playthrough+software inc alpha 9 lets play+software inc patent+rimworld modded let's play+Terror From the Deep+rimworld lovecraft+openxcom terror+yeti TFTD+software inc deals+lets play rimworld+cthulhu lovecraft mod+rimworld gameplay part+yeti software inc+OpenTFTD lets play+rimworld download+xcom superhuman+yeti rimworld+stellar tactics alpha+OpenXCOM TFTD+lets play stellar tactics ep+OpenXCOM TFTD lets play+rimworld lets play+yeti+rimworld playthrough+software inc gameplay part+software inc+rimworld start with nothing+lets play OpenXCOM TFTD part+tftd terror+stellar tactics gameplay ep+rimworld alpha 16 part+software inc alpha 9 gameplay+rimworld+empty embark+stellar tactics procedural generation+rimworld gameplay+OpenTFTD+OpenXCOM TFTD playthrough+OpenXCOM TFTD part+stellar tactics review+software inc alpha 9+OpenXCOM TFTD gameplay+stellar+stellar tacrics new squad+software inc research+software inc alpha+tactics+rimworld alpha 16 lets play+stellar tactics playthrough+rimworld part+rim world+rimworld cthulhu+stellar tactics random levels+rimworld alpha 16+modded rimworld+software inc download+rimworld alpha 16 gameplay+rimworld scenario+XCOM TFTD+software inc alpha 9 part+lets play software inc part+X-COM+OpenXCOM TFTD part 1+openxcom superhuman+stellar tactics let's play+xcom terror+software inc lets play+let's play rimworld part+tftd superhuman",27.12,3694.36,0.0,122.04,1.32,1803.48,74.96,2285.92,60555.6,0.0,0.0,0.0,0.0,0.0
